age,income,credit_score,dependents,home_owner,loan_approved
0.6780209661077292,2.4267605661873457,-1.4639292578432315,-1.4260965649485375,1,1
1.6101563890561723,1.9002154536649105,0.11824128588578717,-0.018995859523241593,1,1
-1.114547154946969,-0.5422171336042529,-0.4376564727217059,-1.4260965649485375,0,1
-0.18241173199852587,1.3332221681099454,-1.2623399607657888,0.6845544931894064,0,0
0.9648318654764809,-0.13307883918325006,-0.8774876663452168,-1.4260965649485375,1,1
-0.039006282314150015,-0.34069406180439016,-0.9996629979073032,0.6845544931894064,1,1
-0.11070900715633794,2.4267605661873457,1.5232575988497805,1.3881048459020544,1,1
-0.3975199065250897,1.161772605711061,0.08158868641716124,1.3881048459020544,0,1
-0.7560335307360293,2.4267605661873457,-1.4150591252183968,-0.018995859523241593,0,1
-0.32581718168290175,-0.8675133835150933,0.11824128588578717,-1.4260965649485375,0,1
1.1799400400030446,2.4267605661873457,0.0632623866828483,0.6845544931894064,0,1
-0.971141705262593,-0.46729526731739013,-1.5616695230929005,1.3881048459020544,1,0
-0.5409253562094655,-0.47590843109192654,1.4194085670220071,1.3881048459020544,1,1
-0.18241173199852587,0.020822048324306223,1.6637592301461799,1.3881048459020544,1,1
1.1082373151608569,0.17202256368263596,-1.3845152923278752,-0.018995859523241593,0,0
0.2478046170546017,1.1169074896160103,-0.33991620747203677,1.3881048459020544,0,1
1.1082373151608569,0.7611522684933751,-0.5292879713932707,-0.7225462122358897,0,1
0.7497236909499172,-0.7303260630719159,-1.4883643241556488,-0.018995859523241593,1,0
-1.4730607791579085,-0.849071121854194,-0.095565544347864,-1.4260965649485375,1,1
0.9648318654764809,-0.49035166018269855,0.4236796147910031,-0.7225462122358897,1,1
0.03269644252803792,-0.36408100332707793,0.20376401797924762,-0.018995859523241593,1,1
0.9648318654764809,-0.28045611537823567,-1.244013661031476,-0.018995859523241593,0,1
-1.042844430104781,1.9423145870897447,0.19765525140114332,0.6845544931894064,0,1
1.1799400400030446,-0.1945352157736601,-1.072968196844555,-0.7225462122358897,0,1
-1.042844430104781,2.4267605661873457,-1.5494519899366919,-0.7225462122358897,1,1
-0.5409253562094655,2.1953176705003457,-1.6410834886082566,-0.7225462122358897,1,1
-0.971141705262593,-0.5579989599547894,-0.2666110085347849,1.3881048459020544,1,0
-0.6843308058938413,-0.9963970506849266,-1.1768172286723284,1.3881048459020544,1,0
0.10439916737022584,2.4267605661873457,-0.3521337406282454,-1.4260965649485375,0,1
0.7497236909499172,-0.5468747674367098,0.3687007155880642,-1.4260965649485375,0,1
-0.6126280810516535,0.8492654152884227,1.1261877712729997,-1.4260965649485375,1,1
1.6818591138983603,-0.7360020862953923,-1.1462733957818068,1.3881048459020544,0,0
-0.32581718168290175,2.4267605661873457,1.4682786996468415,0.6845544931894064,1,1
0.8214264157921051,0.6944805686420927,1.4560611664906329,-1.4260965649485375,1,1
0.39121006673897757,-0.8741928198150154,1.2422543362569818,-0.018995859523241593,1,1
1.3950482145296086,-0.9963970506849266,1.3644296678190682,1.3881048459020544,1,1
0.6780209661077292,-0.19049731610142445,1.0651001054919567,0.6845544931894064,1,1
0.10439916737022584,0.1521914271344743,-0.08945677776975967,-0.018995859523241593,0,1
-0.18241173199852587,0.544988066303015,1.6026715643651366,-0.018995859523241593,0,1
0.4629127915811655,-0.7781889381341589,-0.4559827724560188,1.3881048459020544,0,0
-0.6126280810516535,-0.7264418489135211,1.150622837585417,-0.7225462122358897,0,1
-1.042844430104781,-0.9963970506849266,-1.1035120297350767,0.6845544931894064,0,0
-1.7598716785266604,-0.6868419771279223,0.47254974741583766,1.3881048459020544,0,1
0.17610189221241376,-0.9853224226365078,-1.017989297641616,-0.7225462122358897,1,1
-0.5409253562094655,-0.7538784572127524,0.4908760471501506,1.3881048459020544,1,1
1.6818591138983603,-0.04855679867565256,1.187275437054043,1.3881048459020544,0,1
1.1082373151608569,-0.06415177767293467,-1.0974032631569723,-0.018995859523241593,1,1
-0.3975199065250897,-0.7387366900207875,-1.1218383294693897,1.3881048459020544,1,0
-1.3296553294735327,-0.10801383727045812,-1.4089503586402925,-0.7225462122358897,1,1
0.8214264157921051,2.3044860892705046,1.1078614715386867,-0.018995859523241593,0,1
-0.6843308058938413,-0.544345553168327,0.6680302779151759,-0.7225462122358897,0,1
0.9648318654764809,-0.9204382529032861,-1.5372344567804832,-0.7225462122358897,0,0
1.3950482145296086,0.5839699868229848,-1.5372344567804832,-0.018995859523241593,1,1
1.3950482145296086,1.2017418932561472,-0.24828470880047196,-0.7225462122358897,0,1
1.5384536642139843,-0.7476151485106315,0.22209031771356058,-1.4260965649485375,0,1
-0.18241173199852587,-0.7447043947995348,0.8696195749926183,1.3881048459020544,0,1
0.4629127915811655,-0.9963970506849266,0.3564831824318556,-0.018995859523241593,1,1
1.6818591138983603,-0.6436249687938282,-1.0485331305321377,-0.018995859523241593,0,0
-0.6126280810516535,-0.8268765802347168,1.3766472009752768,-1.4260965649485375,0,1
-0.4692226313672776,-0.9677470043262977,1.2727981691475034,-1.4260965649485375,0,1
1.1799400400030446,-0.5936732544274564,-0.5231792048151663,-1.4260965649485375,1,1
0.6063182412655413,-0.3574768051789433,1.132296537851104,-1.4260965649485375,0,1
-0.8277362555782172,-0.48810485641770773,-0.5231792048151663,0.6845544931894064,0,0
-1.6164662288422844,-0.5709103260120111,0.46644098083773333,-0.018995859523241593,1,1
0.9648318654764809,2.4267605661873457,-0.9813366981729902,-0.7225462122358897,0,1
-0.039006282314150015,-0.0709303429121787,-1.0424243639540334,-0.018995859523241593,0,0
-1.042844430104781,0.36656667289110034,1.4255173336001115,-0.018995859523241593,0,1
1.6818591138983603,2.4267605661873457,0.4297883813691074,-0.018995859523241593,0,1
-0.7560335307360293,0.9681723608996654,-1.5494519899366919,-1.4260965649485375,1,1
-0.4692226313672776,-0.5416098797061766,0.6863565776494888,-1.4260965649485375,1,1
1.2516427648452326,-0.9963970506849266,-0.40100387325307996,0.6845544931894064,1,1
-0.7560335307360293,-0.5972301291387379,1.2727981691475034,-0.018995859523241593,0,1
-0.7560335307360293,2.227658308664665,1.2117105033664601,1.3881048459020544,0,1
0.893129140634293,0.9533611423650795,0.7230091771181147,0.6845544931894064,0,1
-0.7560335307360293,-0.5950881595757637,1.4743874662249459,-1.4260965649485375,0,1
-1.1862498797891567,-0.41330672301553806,-0.5292879713932707,-0.018995859523241593,1,1
-1.4730607791579085,-0.24652228260639714,0.43589714794721174,-1.4260965649485375,0,1
-0.4692226313672776,-0.7148116709101976,0.47254974741583766,-0.7225462122358897,1,1
-0.11070900715633794,-0.6886484059286592,1.627106630677554,-1.4260965649485375,0,1
0.2478046170546017,-0.7285485171635713,-1.3906240589059795,-1.4260965649485375,0,1
-1.4730607791579085,0.14602118553006227,-1.20736106156285,0.6845544931894064,1,0
-0.2541144568407138,-0.865791463918023,0.4175708482128988,-0.7225462122358897,0,1
-0.8994389804204052,2.18219449656558,-0.5109616716589577,1.3881048459020544,0,1
1.7535618387405483,-0.3584823577288996,1.6393241638337626,1.3881048459020544,0,1
1.6818591138983603,-0.8790964931011849,-1.4578204912651271,1.3881048459020544,0,0
1.5384536642139843,1.0522083843414505,0.9123809410393486,-0.018995859523241593,1,1
1.4667509393717966,2.381994222452698,0.46644098083773333,1.3881048459020544,0,1
0.2478046170546017,2.4267605661873457,-0.5292879713932707,-0.018995859523241593,1,1
-0.6843308058938413,1.9542564150677713,1.5415838985840935,-1.4260965649485375,1,1
0.7497236909499172,-0.8116774038368855,0.3625919490099599,1.3881048459020544,0,0
-0.6126280810516535,-0.1700125703957913,1.2727981691475034,0.6845544931894064,0,1
-0.3975199065250897,2.4267605661873457,-0.3582425072063497,-0.7225462122358897,1,1
-0.8277362555782172,-0.7783251512809969,-0.7125509687364002,-0.7225462122358897,1,1
1.7535618387405483,-0.9184549609590107,-0.20552334275374173,-1.4260965649485375,0,1
-1.4013580543157207,-0.6072414388524154,0.1304588190419958,-0.7225462122358897,0,1
-0.2541144568407138,-0.8543092661658455,1.1445140710073127,-0.7225462122358897,1,1
1.036534590318669,-0.7112312619903003,-1.4028415920621882,-1.4260965649485375,0,1
-1.1862498797891567,-0.7335684351771472,1.3461033680847552,-1.4260965649485375,0,1
0.4629127915811655,0.4681916646419959,-0.6087019369086267,-1.4260965649485375,1,1
-0.11070900715633794,-0.9242479420677302,0.43589714794721174,0.6845544931894064,0,1
0.5346155164233534,-0.24379659335396262,-1.3356451597030408,-1.4260965649485375,1,1
-0.8994389804204052,-0.7735273819335993,0.40535331505669014,-1.4260965649485375,0,1
0.6780209661077292,0.22227879644534207,-1.017989297641616,-1.4260965649485375,1,1
-1.4013580543157207,0.3788650797875509,-0.37046004036255836,1.3881048459020544,1,0
1.6818591138983603,0.7785675828692129,1.3705384343971725,1.3881048459020544,1,1
1.036534590318669,0.7782213447394231,0.747444243430532,0.6845544931894064,1,1
0.31950734189678964,-0.7169843062601563,1.6820855298804929,0.6845544931894064,1,1
0.893129140634293,-0.35702501968929995,1.3583209012409638,-0.7225462122358897,0,1
-0.6843308058938413,2.275740479761738,-0.6209194700648354,1.3881048459020544,0,1
-1.7598716785266604,0.08281507618694475,-1.036315597375929,0.6845544931894064,1,0
1.1799400400030446,0.7685987060468277,1.2483631028350861,0.6845544931894064,1,1
-0.5409253562094655,-0.9064592895643024,0.7596617765867406,-0.7225462122358897,1,1
-0.2541144568407138,0.8991707743953993,0.9734686068203918,-1.4260965649485375,1,1
0.03269644252803792,-0.9963970506849266,-0.49263537192464474,-0.018995859523241593,1,1
-0.8277362555782172,-0.9687885713470147,1.16894913731973,-0.7225462122358897,0,1
0.8214264157921051,-0.8195146518849309,0.40535331505669014,-0.018995859523241593,1,1
1.6818591138983603,0.06305525542246793,-1.3173188599687278,-0.7225462122358897,0,1
-0.8277362555782172,0.28744074115601626,1.608780330943241,-0.7225462122358897,1,1
0.03269644252803792,-0.7910475305114538,1.2422543362569818,-1.4260965649485375,1,1
1.7535618387405483,-0.9963970506849266,-1.0485331305321377,0.6845544931894064,0,0
0.7497236909499172,0.8989397112562605,1.5782364980527193,1.3881048459020544,1,1
-0.18241173199852587,0.274449857999986,0.2892867500727081,-0.7225462122358897,1,1
-1.6881689536844724,0.06570677625987027,1.6759767633023885,-1.4260965649485375,0,1
0.9648318654764809,2.4267605661873457,-1.5922133559834222,-0.018995859523241593,0,1
-1.3296553294735327,-0.22648682633797843,1.1078614715386867,0.6845544931894064,1,1
0.9648318654764809,-0.8477410824884717,-0.3276986743158281,-0.7225462122358897,0,1
1.3950482145296086,1.827008018817831,0.7107916439619061,-0.018995859523241593,1,1
-0.2541144568407138,-0.6164672052088047,-0.6209194700648354,-0.7225462122358897,0,1
0.17610189221241376,-0.4320249767592977,-1.1829259952504327,1.3881048459020544,1,0
0.893129140634293,-0.6796989882340487,0.37480948216616855,1.3881048459020544,0,1
-0.3975199065250897,-0.7973596905253988,-0.30326360800341085,0.6845544931894064,1,0
1.6818591138983603,-0.6237774296154192,-1.4639292578432315,-0.018995859523241593,0,0
-0.5409253562094655,2.4267605661873457,-0.5292879713932707,1.3881048459020544,0,1
-0.11070900715633794,-0.8686833189464431,-0.3093723745815152,-1.4260965649485375,1,1
0.5346155164233534,1.1496457132743725,1.3399946015066508,0.6845544931894064,1,1
1.3950482145296086,-0.9963970506849266,0.22209031771356058,-0.7225462122358897,1,1
0.03269644252803792,2.4267605661873457,1.5049312991154675,-0.018995859523241593,0,1
-0.4692226313672776,2.4267605661873457,1.6209978640994496,-0.018995859523241593,1,1
1.6101563890561723,-0.8568737817471521,0.576398779243611,-1.4260965649485375,1,1
1.1799400400030446,-0.28910065809759344,1.2239280365226688,1.3881048459020544,0,1
-0.8994389804204052,0.3562490618864963,-1.4883643241556488,-0.018995859523241593,0,0
-1.114547154946969,-0.7097493200053293,-0.2605022419566806,-1.4260965649485375,1,1
-0.8277362555782172,2.4267605661873457,1.3583209012409638,-1.4260965649485375,1,1
-1.1862498797891567,-0.33645255556973447,-0.6087019369086267,-0.7225462122358897,0,1
-1.042844430104781,-0.6721395151634558,0.14267635219820443,-1.4260965649485375,0,1
-1.6164662288422844,-0.2891980041423233,0.5519637129311938,0.6845544931894064,1,1
1.036534590318669,-0.7628788656926976,-1.152382162359911,-0.018995859523241593,0,0
-0.971141705262593,-0.33699990420951553,-1.134055862625598,0.6845544931894064,0,0
0.6780209661077292,-0.6381111889782348,-1.3478626928592494,-1.4260965649485375,1,1
0.9648318654764809,-0.7786392973081285,0.5275286466187765,-1.4260965649485375,1,1
1.4667509393717966,0.6045274746279764,1.2300368031007731,0.6845544931894064,1,1
0.9648318654764809,-0.9944551218951884,-0.2788285416909936,-0.7225462122358897,0,1
0.4629127915811655,2.4267605661873457,1.5843452646308236,-1.4260965649485375,1,1
0.9648318654764809,-0.15011760622123183,0.6008338455560284,0.6845544931894064,0,1
-0.8277362555782172,2.4267605661873457,1.187275437054043,0.6845544931894064,0,1
1.3233454896874206,0.9163653664207325,0.8879458747269313,-0.018995859523241593,0,1
-1.7598716785266604,-0.93407775311193,1.5721277314746152,-0.7225462122358897,0,1
0.10439916737022584,-0.29605359042794677,0.7657705431648449,1.3881048459020544,1,1
0.8214264157921051,-0.9963970506849266,-0.5537230377056879,0.6845544931894064,0,0
1.2516427648452326,-0.8208436215138979,-1.127947096047494,-0.018995859523241593,1,1
-1.7598716785266604,-0.45403623681470484,0.6619215113370716,1.3881048459020544,0,1
1.3950482145296086,-0.7509844627108218,0.576398779243611,-0.018995859523241593,0,1
0.2478046170546017,-0.6513031826442565,-1.225687361297163,-0.018995859523241593,1,0
-0.11070900715633794,-0.7359510955100577,-0.03447787856682081,-0.7225462122358897,1,1
-0.6126280810516535,2.4267605661873457,-1.5861045894053178,-1.4260965649485375,1,1
0.6780209661077292,-0.2544864727494016,0.3320481161194383,-0.7225462122358897,1,1
0.39121006673897757,0.3260717880202569,0.7169004105400104,1.3881048459020544,1,1
1.1799400400030446,-0.3932523680644429,0.9734686068203918,-0.7225462122358897,1,1
0.4629127915811655,-0.038441724496713486,0.4236796147910031,-1.4260965649485375,0,1
-0.4692226313672776,-0.9963970506849266,-0.4865266053465404,-0.7225462122358897,1,1
0.39121006673897757,2.4267605661873457,-1.4578204912651271,-0.7225462122358897,0,1
0.9648318654764809,-0.7574132240310916,-0.4254389395654972,-0.7225462122358897,0,1
-0.3975199065250897,1.331079841968053,-1.3295363931249364,0.6845544931894064,1,0
0.17610189221241376,1.4290370629640372,-1.0057717644854076,0.6845544931894064,0,0
-1.6164662288422844,-0.9963970506849266,1.3522121346628595,-0.7225462122358897,0,1
0.4629127915811655,-0.3083045723282468,-0.30326360800341085,-1.4260965649485375,1,1
-0.2541144568407138,0.03894160606403174,0.6802478110713845,-1.4260965649485375,1,1
1.3233454896874206,-0.2624592207864482,-1.2867750270782061,-1.4260965649485375,0,1
1.1799400400030446,-0.3543492514854447,0.47254974741583766,-1.4260965649485375,1,1
1.3233454896874206,-0.6310659027080097,1.150622837585417,-0.018995859523241593,1,1
-0.7560335307360293,-0.7543634045418094,0.27706921691649944,-0.7225462122358897,0,1
0.893129140634293,1.1235387877619452,0.5030935803063592,-0.7225462122358897,1,1
-0.4692226313672776,0.030053519943390186,-1.109620796313181,-0.018995859523241593,1,0
0.39121006673897757,-0.19369582899968948,0.15489388535441306,-1.4260965649485375,1,1
0.03269644252803792,-0.980632696701393,1.3399946015066508,1.3881048459020544,0,0
-1.4730607791579085,-0.5314209936911237,0.6985741108056974,1.3881048459020544,0,0
-0.3975199065250897,-0.3962533362419009,0.9734686068203918,-0.018995859523241593,1,1
-1.6881689536844724,0.6817064854684645,-1.054641897110242,1.3881048459020544,1,1
-0.32581718168290175,-0.9963970506849266,0.6313776784465499,0.6845544931894064,1,1
0.7497236909499172,-0.8764866919972383,0.3870270153223772,-0.7225462122358897,0,1
0.17610189221241376,2.4267605661873457,1.3277770683504424,1.3881048459020544,0,1
-0.3975199065250897,-0.7851932178287654,-1.3112100933906234,0.6845544931894064,1,0
0.8214264157921051,-0.9963970506849266,1.4316261001782158,-0.7225462122358897,1,1
0.9648318654764809,-0.7482880129296979,0.7169004105400104,0.6845544931894064,0,1
0.7497236909499172,-0.7839284324051147,-0.9507928652824686,-0.7225462122358897,1,1
-1.042844430104781,0.36716679521080836,1.1994929702102517,-0.7225462122358897,1,1
-1.6164662288422844,0.34877588091416223,0.325939349541334,1.3881048459020544,0,1
0.8214264157921051,-0.8411001567117394,-1.5494519899366919,-0.018995859523241593,1,0
-0.3975199065250897,-0.6013332827530451,-1.0851857300007637,1.3881048459020544,1,0
0.4629127915811655,0.20463099261469186,1.4560611664906329,-1.4260965649485375,0,1
1.5384536642139843,0.2504210744241349,0.460332214259629,0.6845544931894064,1,1
-0.039006282314150015,-0.8599136170267184,-0.8713788997671125,-1.4260965649485375,0,1
-0.32581718168290175,-0.8273001959898048,1.6576504635680755,-0.7225462122358897,0,1
1.7535618387405483,2.4267605661873457,-1.4822555575775445,1.3881048459020544,0,1
-0.6843308058938413,-0.5332598711734372,-0.095565544347864,-1.4260965649485375,1,1
1.6101563890561723,2.3579814849281764,1.2300368031007731,-1.4260965649485375,1,1
1.1799400400030446,-0.15187447055230785,-1.4761467909994401,-1.4260965649485375,1,1
-1.7598716785266604,1.2087857532106991,0.6924653442275931,-0.7225462122358897,1,1
-0.18241173199852587,0.3287439904349276,1.1078614715386867,-0.7225462122358897,0,1
1.2516427648452326,-0.20714242001346583,-0.7980737008298606,-0.7225462122358897,0,1
1.6818591138983603,-0.21810508228149939,-0.3093723745815152,-1.4260965649485375,0,1
-0.11070900715633794,-0.9119013970172924,-0.3521337406282454,0.6845544931894064,1,1
1.5384536642139843,-0.4741929299153877,-0.7247685018926089,1.3881048459020544,0,0
-0.039006282314150015,-0.6730352414065374,1.4988225325373632,1.3881048459020544,0,1
-1.3296553294735327,-0.5731492850407967,-1.4578204912651271,-0.7225462122358897,1,1
0.893129140634293,-0.5962787765843821,-1.6227571888739438,-1.4260965649485375,1,1
1.5384536642139843,-0.21511873383969674,-1.4333854249527098,0.6845544931894064,0,1
1.5384536642139843,0.34745511260031897,1.187275437054043,-0.018995859523241593,1,1
0.9648318654764809,-0.45452760256429336,-0.5842668705962095,-0.7225462122358897,1,1
0.6780209661077292,0.9017695215528749,1.3827559675533811,-0.018995859523241593,1,1
-0.8277362555782172,-0.620618496977099,0.6008338455560284,1.3881048459020544,0,0
-1.1862498797891567,-0.2824793441613745,-1.2623399607657888,1.3881048459020544,0,0
-1.6164662288422844,2.4267605661873457,0.9123809410393486,0.6845544931894064,0,1
0.893129140634293,-0.9027943714407385,1.4682786996468415,0.6845544931894064,0,1
-0.3975199065250897,-0.6236900677804053,0.5458549463530895,-0.018995859523241593,0,1
1.1082373151608569,-0.9963970506849266,1.0773176386481653,1.3881048459020544,0,1
0.5346155164233534,-0.15203600080235397,1.4743874662249459,0.6845544931894064,0,1
1.1082373151608569,-0.3405147026084228,0.3320481161194383,0.6845544931894064,0,1
1.3233454896874206,-0.2483936087702873,0.5825075458217154,1.3881048459020544,1,1
0.4629127915811655,-0.8233703397298517,0.6863565776494888,1.3881048459020544,1,1
0.7497236909499172,-0.7723403307141651,1.6637592301461799,-1.4260965649485375,0,1
0.03269644252803792,-0.3099851287707801,-0.9813366981729902,0.6845544931894064,1,1
1.6101563890561723,-0.94588978636365,-1.4456029581089185,-0.018995859523241593,1,1
-1.4730607791579085,0.7573925003775104,1.6515416969899712,-0.7225462122358897,0,1
1.6818591138983603,-0.9435734497095662,0.6252689118684456,-0.7225462122358897,0,1
0.31950734189678964,-0.46365923208621856,0.7596617765867406,1.3881048459020544,0,1
-0.6126280810516535,-0.6310580579718044,-0.4376564727217059,-0.018995859523241593,1,1
-1.4013580543157207,-0.662671988300375,-0.44376523929981015,-1.4260965649485375,1,1
-0.7560335307360293,-0.9813611874317335,-1.0668594302664507,0.6845544931894064,0,0
-1.7598716785266604,-0.38756743036800595,0.7535530100086363,-1.4260965649485375,0,1
-0.8994389804204052,-0.904363318681805,1.071208872070061,-0.018995859523241593,1,1
1.6101563890561723,-0.23540985719262553,-0.956901631860573,-1.4260965649485375,0,1
0.6063182412655413,-0.7715262610434027,0.8940546413050356,1.3881048459020544,0,1
0.31950734189678964,-0.39211844710385385,-0.1933058095975331,-0.7225462122358897,1,1
-0.4692226313672776,-0.9963970506849266,1.627106630677554,1.3881048459020544,1,1
-1.6881689536844724,0.8166516376725906,-0.2910460748472022,0.6845544931894064,0,1
1.3233454896874206,1.211877649012355,1.3827559675533811,1.3881048459020544,1,1
-0.971141705262593,-0.6868252179187563,-0.3765688069406627,-0.018995859523241593,1,0
1.036534590318669,2.4267605661873457,-0.9874454647510945,-0.018995859523241593,0,1
1.3233454896874206,0.5416130468401299,0.6008338455560284,0.6845544931894064,0,1
-0.11070900715633794,-0.5323516646682108,0.14878511877630876,0.6845544931894064,0,1
-1.042844430104781,-0.6583185162853341,-1.5616695230929005,-0.7225462122358897,0,0
-1.6881689536844724,-0.77946941303022,-1.6105396557177352,-1.4260965649485375,0,0
-1.7598716785266604,-0.7039716717901021,-1.628865955452048,-0.7225462122358897,0,0
0.17610189221241376,-0.43533295938551897,-0.7430948016269218,1.3881048459020544,0,0
-1.5447635040000964,-0.38723937776305567,1.6820855298804929,-1.4260965649485375,1,1
1.1082373151608569,-0.9461261981865651,-0.8530526000327996,0.6845544931894064,0,0
0.31950734189678964,1.9050681361657453,0.6008338455560284,-0.018995859523241593,1,1
-1.3296553294735327,0.5859789524493867,1.1384053044292084,1.3881048459020544,0,1
-0.2541144568407138,2.4267605661873457,-0.24217594222236766,-0.7225462122358897,0,1
0.03269644252803792,-0.004348857527257755,-0.12000061066028127,0.6845544931894064,0,1
0.2478046170546017,1.0980779832497023,0.325939349541334,-1.4260965649485375,0,1
-0.039006282314150015,-0.9140544205267378,0.5336374131968808,-1.4260965649485375,0,1
-1.114547154946969,0.2953111510434751,0.6069426121341327,-0.018995859523241593,0,1
-0.3975199065250897,-0.9963970506849266,-0.40100387325307996,0.6845544931894064,1,0
-0.8277362555782172,-0.8417701684994585,-0.04669541172302945,0.6845544931894064,0,0
0.5346155164233534,2.4267605661873457,1.4132998004439028,1.3881048459020544,0,1
-1.4730607791579085,-0.5854933340388054,0.8940546413050356,1.3881048459020544,0,0
1.3950482145296086,-0.36849865954743527,0.20376401797924762,-1.4260965649485375,1,1
-1.4013580543157207,0.44568048094295815,-0.8408350668765909,-0.7225462122358897,1,1
-0.2541144568407138,-0.38349244648825415,0.881837108148827,-1.4260965649485375,0,1
-0.6126280810516535,-0.856216250221578,-0.4865266053465404,1.3881048459020544,0,0
-0.7560335307360293,-0.8491467165848999,-1.0974032631569723,1.3881048459020544,0,0
0.9648318654764809,0.611526762217725,1.3155595351942337,1.3881048459020544,0,1
1.036534590318669,-0.08065852896462758,-0.10167431092596832,-1.4260965649485375,0,1
0.17610189221241376,0.6737130558541494,-1.5250169236242745,0.6845544931894064,1,0
-1.6881689536844724,0.2741503317085096,-0.2605022419566806,-0.7225462122358897,0,1
-0.5409253562094655,-0.3046592660451963,0.3503744158537513,-0.7225462122358897,1,1
0.10439916737022584,-0.34317727739229625,-0.3276986743158281,1.3881048459020544,1,1
-0.32581718168290175,-0.2738148330225851,0.13656758562010013,-0.018995859523241593,0,1
-0.18241173199852587,-0.593068496581809,-0.4376564727217059,-1.4260965649485375,1,1
-1.3296553294735327,-0.5866964313095686,0.4175708482128988,0.6845544931894064,0,0
1.6101563890561723,0.15848968057060103,-0.4254389395654972,1.3881048459020544,1,1
-0.4692226313672776,2.1783092126704298,-1.20736106156285,-0.018995859523241593,0,1
-1.1862498797891567,-0.9920335944601697,1.6820855298804929,1.3881048459020544,0,1
-0.971141705262593,2.4267605661873457,-1.4211678917965012,-0.018995859523241593,0,1
1.4667509393717966,0.4309897860827998,1.1017527049605824,-0.7225462122358897,0,1
0.31950734189678964,0.07502525313504955,-0.5659405708618965,-0.018995859523241593,1,1
-1.3296553294735327,-0.8524810860510845,-0.4865266053465404,-0.7225462122358897,1,1
-1.6881689536844724,-0.7536167282866292,0.6924653442275931,-0.7225462122358897,1,1
-0.6126280810516535,0.30833947498594005,-0.8164000005641736,-1.4260965649485375,0,1
-1.042844430104781,-0.12966316972366468,-1.5127993904680659,-0.018995859523241593,0,0
1.7535618387405483,-0.9232455987280398,0.24652538402597785,0.6845544931894064,1,1
-0.971141705262593,-0.8073660081342187,0.28317798349460377,0.6845544931894064,0,1
-1.6164662288422844,-0.7641835879552117,1.0589913389138523,-0.018995859523241593,0,1
-0.32581718168290175,-0.7948992959882718,0.11213251930768284,-1.4260965649485375,1,1
-0.8277362555782172,-0.10865532274470317,-0.23606717564426333,0.6845544931894064,0,0
-0.7560335307360293,-0.856943314636245,1.113970238116791,1.3881048459020544,1,1
1.1799400400030446,0.5725794298528423,-1.2684487273438931,0.6845544931894064,0,0
1.1082373151608569,-0.96118880485864,-0.6025931703305225,-1.4260965649485375,0,1
-1.114547154946969,0.9457185864064938,1.4377348667563201,-0.7225462122358897,1,1
0.7497236909499172,2.4267605661873457,-1.1218383294693897,-0.7225462122358897,1,1
-1.114547154946969,0.5722018127782312,-0.6636808361115657,-0.7225462122358897,1,1
-0.6126280810516535,-0.68312464190335,0.997903673132809,-1.4260965649485375,1,1
1.3233454896874206,-0.6627597067143073,-1.3661889925935624,-0.7225462122358897,1,1
-0.039006282314150015,-0.8836617729937698,-0.052804178301133764,-0.7225462122358897,0,1
0.10439916737022584,1.1700455931974207,1.5049312991154675,-1.4260965649485375,1,1
0.5346155164233534,-0.21454428520211535,-1.1462733957818068,1.3881048459020544,0,0
-1.042844430104781,-0.9963970506849266,-1.360080226015458,0.6845544931894064,0,0
-0.8994389804204052,-0.9554222105898839,-0.5842668705962095,-1.4260965649485375,1,1
-1.7598716785266604,-0.9963970506849266,0.02050102063611806,-1.4260965649485375,1,1
0.39121006673897757,0.5445059716053053,-0.21774087590995037,-0.018995859523241593,0,1
0.5346155164233534,-0.8506172480444812,0.3931357819004815,-0.7225462122358897,1,1
-0.32581718168290175,0.6691713101701803,-1.2379048944533717,1.3881048459020544,1,0
-0.6843308058938413,-0.6895844255895227,0.6069426121341327,-0.018995859523241593,0,1
0.9648318654764809,0.595882218750782,1.4804962328030502,1.3881048459020544,0,1
-0.18241173199852587,-0.5318317726051482,-0.2238496424880547,-0.7225462122358897,1,1
-1.114547154946969,0.8915082500173818,1.16894913731973,-0.7225462122358897,0,1
1.6101563890561723,-0.7833372245583673,-0.93857533212626,-0.7225462122358897,0,0
0.5346155164233534,-0.7622694723211105,0.8451845086802011,0.6845544931894064,0,1
-0.2541144568407138,-0.6408882255949226,-1.4150591252183968,1.3881048459020544,0,0
1.1082373151608569,0.6689662772920864,1.4010822672876941,1.3881048459020544,0,1
-1.4013580543157207,-0.8728973686043803,-0.47430907219033175,-0.018995859523241593,0,0
1.5384536642139843,-0.6977732604511343,-1.2379048944533717,-1.4260965649485375,0,1
0.7497236909499172,-0.5273085690249374,-1.1218383294693897,-0.7225462122358897,0,0
1.5384536642139843,0.03158146060883781,1.6759767633023885,-0.7225462122358897,0,1
-1.114547154946969,-0.6105512043732289,1.321668301772338,-0.018995859523241593,0,1
-0.6843308058938413,0.2604373762426704,0.6619215113370716,1.3881048459020544,1,1
-0.8994389804204052,-0.7672134390250621,1.16894913731973,0.6845544931894064,1,1
-0.3975199065250897,0.972621396064844,-0.7369860350488174,1.3881048459020544,1,0
-1.5447635040000964,0.5345645513596389,-0.6392457697991484,0.6845544931894064,0,1
-0.3975199065250897,-0.6961240829534223,-0.016151578832507854,0.6845544931894064,0,0
-0.2541144568407138,0.47551757852102117,-1.0057717644854076,1.3881048459020544,0,0
0.2478046170546017,-0.8753780881398574,-0.7553123347831304,-0.7225462122358897,0,0
-0.6843308058938413,-0.21570530616050457,0.9551423070860788,0.6845544931894064,0,1
1.2516427648452326,-0.7824575443666149,1.0773176386481653,-0.018995859523241593,1,1
1.5384536642139843,-0.06461568684580463,-1.5372344567804832,-0.018995859523241593,0,0
1.2516427648452326,-0.4762785600092509,0.5641812460874024,0.6845544931894064,1,1
-0.18241173199852587,-0.7713839860549514,-0.21774087590995037,-0.7225462122358897,1,1
0.31950734189678964,-0.9758702286669193,0.9734686068203918,0.6845544931894064,1,1
0.31950734189678964,-0.50629073783626,-0.9019227326576341,-0.018995859523241593,0,0
1.2516427648452326,1.450561236216877,1.627106630677554,-0.018995859523241593,1,1
-1.6164662288422844,-0.09541376460902075,-0.4682003056122275,1.3881048459020544,0,0
-0.11070900715633794,-0.9746150708740662,1.266689402569399,-0.7225462122358897,0,1
1.6818591138983603,-0.5172170290546143,-0.5842668705962095,1.3881048459020544,1,1
0.8214264157921051,1.4386807398128194,1.5171488322716762,-1.4260965649485375,1,1
-0.8994389804204052,-0.5628755332431588,0.9917949065547048,0.6845544931894064,1,1
1.1799400400030446,-0.8421570566259489,0.24041661744787354,1.3881048459020544,0,0
0.4629127915811655,2.4267605661873457,-1.5616695230929005,-0.7225462122358897,0,1
0.8214264157921051,-0.8724897989006215,-0.7003334355801916,0.6845544931894064,1,0
-0.971141705262593,-0.5126478267939265,-0.9324665655481557,0.6845544931894064,0,0
-1.2579526046313447,-0.714424426204789,-1.2379048944533717,0.6845544931894064,0,0
-0.11070900715633794,0.3697694647363867,-1.341753926281145,0.6845544931894064,0,0
1.3233454896874206,0.13208929060831032,1.132296537851104,0.6845544931894064,1,1
-0.6843308058938413,-0.8182081467278246,-0.6453545363772527,-0.7225462122358897,1,1
0.4629127915811655,-0.7488720891980768,-0.7675298679393391,-1.4260965649485375,1,1
0.6063182412655413,-0.23658228867640432,-1.5189081570461702,-0.018995859523241593,0,1
0.6780209661077292,-0.16205765130466593,-0.1627619767070115,-1.4260965649485375,1,1
0.4629127915811655,-0.5142399516646906,-0.2910460748472022,-0.018995859523241593,0,1
1.7535618387405483,-0.5614438688856855,1.2789069357256078,1.3881048459020544,0,1
-0.6126280810516535,-0.9091400498730154,-1.6166484222958395,0.6845544931894064,0,0
-1.6881689536844724,2.4267605661873457,-1.0974032631569723,1.3881048459020544,0,0
0.03269644252803792,0.34811264412589304,-0.93857533212626,1.3881048459020544,1,0
1.3233454896874206,-0.34896205718589207,-0.9080314992357384,-0.018995859523241593,1,1
-0.6126280810516535,0.9457467561410492,1.6759767633023885,-0.7225462122358897,0,1
0.893129140634293,-0.498555471358884,-1.2562311941876845,0.6845544931894064,1,1
1.6818591138983603,-0.7911726897118205,0.13656758562010013,1.3881048459020544,1,0
-1.6881689536844724,-0.028932121321258546,1.3827559675533811,-1.4260965649485375,1,1
-1.2579526046313447,-0.23648102026357185,-1.4028415920621882,0.6845544931894064,1,0
1.4667509393717966,2.4267605661873457,0.6558127447589672,-0.7225462122358897,1,1
-1.4013580543157207,-0.7631947946144215,-1.5127993904680659,0.6845544931894064,1,0
-1.1862498797891567,-0.8391389726604064,1.3583209012409638,1.3881048459020544,1,1
-1.7598716785266604,2.4267605661873457,-0.8469438334546953,-1.4260965649485375,1,1
-1.4730607791579085,1.428608098525173,-1.3784065257497709,1.3881048459020544,1,1
0.9648318654764809,0.34559020485696035,1.4194085670220071,-0.7225462122358897,1,1
-1.1862498797891567,-0.742539247606863,-0.93857533212626,-0.018995859523241593,1,0
-0.8277362555782172,0.05362695224041367,-0.3521337406282454,-1.4260965649485375,0,1
0.10439916737022584,-0.9229478553311555,1.5354751320059892,-0.7225462122358897,0,1
-1.1862498797891567,-0.6689916364716071,-1.4150591252183968,-0.7225462122358897,1,0
0.7497236909499172,-0.8936623853398948,-1.091294496578868,1.3881048459020544,1,0
0.2478046170546017,-0.7691503757099423,-1.5127993904680659,1.3881048459020544,1,0
-0.3975199065250897,-0.9004156334759307,-0.19941457617563743,1.3881048459020544,1,0
-0.7560335307360293,0.43614128171727423,1.2972332354599208,-0.018995859523241593,0,1
0.7497236909499172,2.4267605661873457,-0.21163210933184606,0.6845544931894064,0,1
-1.6164662288422844,0.9459521455980616,0.17932895166683036,0.6845544931894064,1,1
-0.18241173199852587,0.5222829036723543,-1.2684487273438931,1.3881048459020544,0,0
1.4667509393717966,-0.5778564833429144,0.03882732037043102,1.3881048459020544,1,1
-1.1862498797891567,-0.18718755058061107,-0.5048529050808533,-0.018995859523241593,0,0
0.31950734189678964,-0.8702258793475461,-0.9507928652824686,0.6845544931894064,1,0
-0.4692226313672776,-0.9248013525491245,-0.7492035682050261,-0.018995859523241593,0,1
0.893129140634293,-0.9553245079662357,0.7169004105400104,-0.7225462122358897,0,1
-1.6164662288422844,-0.9071817184530298,-0.2666110085347849,0.6845544931894064,0,0
1.7535618387405483,0.42245506967031676,0.46644098083773333,1.3881048459020544,1,1
1.6101563890561723,0.603306548411292,1.5538014317403022,-1.4260965649485375,0,1
-1.6164662288422844,-0.8201892991985894,-0.633137003221044,-0.7225462122358897,1,1
0.6063182412655413,-0.08559999961615002,-0.8713788997671125,-1.4260965649485375,0,1
-1.6881689536844724,1.3215991216849903,0.5030935803063592,-0.018995859523241593,0,1
0.10439916737022584,-0.46430357019181107,-1.4211678917965012,-0.018995859523241593,1,0
-0.18241173199852587,-0.7655521378441239,0.18543771824493466,-0.018995859523241593,1,1
1.1799400400030446,-0.6212047127189886,-1.6410834886082566,1.3881048459020544,1,0
0.4629127915811655,2.1458783600397493,0.3320481161194383,-0.018995859523241593,0,1
1.5384536642139843,-0.4063734025256979,-0.6392457697991484,-1.4260965649485375,1,1
0.6780209661077292,2.4267605661873457,0.3870270153223772,-0.7225462122358897,1,1
1.036534590318669,-0.7361450744416803,-1.2562311941876845,1.3881048459020544,1,0
-0.5409253562094655,-0.6655641999077136,1.6148890975213452,-0.7225462122358897,0,1
0.10439916737022584,-0.9463779429029726,1.4194085670220071,-0.018995859523241593,1,1
-1.042844430104781,1.156237431160362,1.2911244688818164,0.6845544931894064,1,1
0.9648318654764809,-0.2759978091611779,1.0284475060233307,1.3881048459020544,0,1
-0.4692226313672776,-0.8197721018640332,-1.3661889925935624,-0.018995859523241593,1,0
-0.039006282314150015,-0.5903085757532057,-0.7675298679393391,1.3881048459020544,0,0
-1.3296553294735327,0.1372111901925557,-1.1157295628912853,0.6845544931894064,1,1
0.39121006673897757,-0.7954566288377689,0.5702900126655067,-1.4260965649485375,1,1
-1.6881689536844724,-0.03305381703932382,-1.2134698281409544,-1.4260965649485375,1,1
0.893129140634293,0.7917652817979293,-1.152382162359911,-1.4260965649485375,1,1
-1.4730607791579085,-0.629917005432847,-0.2910460748472022,0.6845544931894064,0,0
-0.8277362555782172,-0.9963970506849266,0.5397461797749852,-0.7225462122358897,0,1
-0.5409253562094655,-0.5397185851228546,-1.5311256902023789,0.6845544931894064,0,0
0.7497236909499172,-0.6644784171011121,-1.5066906238899616,0.6845544931894064,0,0
-1.5447635040000964,-0.9129607929839307,-0.93857533212626,-0.018995859523241593,0,0
-0.11070900715633794,0.27328384493673896,1.3155595351942337,-1.4260965649485375,0,1
-0.8994389804204052,0.32929633117956686,0.4297883813691074,1.3881048459020544,1,1
-0.32581718168290175,-0.1620925960386715,-1.4883643241556488,-0.7225462122358897,1,1
0.5346155164233534,-0.6298852699091072,-0.2910460748472022,1.3881048459020544,1,0
-0.3975199065250897,-0.23998048576898687,-0.15054444355080288,-0.018995859523241593,0,0
-1.4730607791579085,-0.7290420223866705,-1.3722977591716667,-0.018995859523241593,1,0
-0.11070900715633794,0.4186749765561018,0.6985741108056974,-0.7225462122358897,0,1
0.6780209661077292,-0.6319687605294598,0.08158868641716124,1.3881048459020544,0,0
0.31950734189678964,-0.5286268412863517,1.2239280365226688,-0.7225462122358897,1,1
0.17610189221241376,-0.4756064087480212,-1.6410834886082566,-0.7225462122358897,1,0
1.3950482145296086,2.4267605661873457,0.8390757421020968,-1.4260965649485375,0,1
-1.3296553294735327,-0.8557159699990289,0.3015042832289167,1.3881048459020544,0,0
1.1799400400030446,-0.648355701304562,0.7596617765867406,-1.4260965649485375,0,1
0.6780209661077292,-0.9807977927406232,0.044936086948535334,-1.4260965649485375,1,1
0.31950734189678964,-0.1262999173650877,-0.5109616716589577,-1.4260965649485375,0,1
0.6063182412655413,2.4267605661873457,1.3766472009752768,0.6845544931894064,0,1
0.9648318654764809,-0.5144079003352684,0.9734686068203918,-0.018995859523241593,1,1
-1.1862498797891567,-0.725807851596563,-1.2928837936563105,-0.018995859523241593,0,0
-0.971141705262593,-0.3999367964692228,1.0895351718043738,0.6845544931894064,1,1
0.2478046170546017,1.0713784235748538,1.3338858349285465,-0.7225462122358897,0,1
-1.114547154946969,1.9874781597395164,1.0223387394452264,1.3881048459020544,1,1
0.10439916737022584,-0.8633813470083938,0.19765525140114332,1.3881048459020544,0,0
-0.4692226313672776,0.377816024609547,-0.9080314992357384,1.3881048459020544,1,1
-0.8994389804204052,-0.4295068164373861,-0.05891294487923809,-1.4260965649485375,0,1
1.1799400400030446,2.18431935034047,-1.6349747220301523,1.3881048459020544,0,0
0.8214264157921051,2.4267605661873457,0.8451845086802011,1.3881048459020544,1,1
0.4629127915811655,2.4267605661873457,-0.4193301729873929,1.3881048459020544,1,1
-0.7560335307360293,-0.8460883392015757,-0.5842668705962095,-0.018995859523241593,0,1
-0.32581718168290175,-0.8004629968524445,1.1811666704759387,0.6845544931894064,0,1
-1.6164662288422844,2.4267605661873457,1.3522121346628595,-0.7225462122358897,0,1
-1.2579526046313447,-0.43116241235562963,1.0284475060233307,0.6845544931894064,0,1
-1.4013580543157207,-0.7751626528534926,-0.28493730826909786,1.3881048459020544,0,0
0.2478046170546017,-0.9379826488475934,-0.7858561676736521,-0.7225462122358897,0,0
-0.4692226313672776,-0.2358570071563295,0.1304588190419958,-0.7225462122358897,0,1
-0.6126280810516535,-0.6188288273855282,-0.20552334275374173,0.6845544931894064,1,1
-1.114547154946969,0.02140148906674554,0.07547991983905693,0.6845544931894064,0,1
0.5346155164233534,-0.18908882937364888,-1.5189081570461702,0.6845544931894064,1,1
-0.8994389804204052,-0.9061290974858416,1.0834264052262697,0.6845544931894064,0,1
0.10439916737022584,-0.7922413567303379,-1.0302068307978247,-1.4260965649485375,0,1
1.1799400400030446,0.8809595758736389,-0.21163210933184606,-0.018995859523241593,1,1
-0.971141705262593,1.066980735773928,0.8757283415707227,-0.018995859523241593,0,1
-1.6881689536844724,-0.5972914607127069,0.3503744158537513,1.3881048459020544,1,1
-1.114547154946969,-0.2024206019756927,-1.4211678917965012,-1.4260965649485375,0,1
-0.32581718168290175,-0.8616251958351546,-1.4639292578432315,-0.7225462122358897,0,0
-0.18241173199852587,-0.3946619245289737,0.44200591452531607,0.6845544931894064,0,1
-1.7598716785266604,1.2331165591304554,0.6680302779151759,1.3881048459020544,0,1
0.5346155164233534,2.4267605661873457,1.4560611664906329,-0.7225462122358897,1,1
0.03269644252803792,-0.4463298532297211,0.08158868641716124,-0.018995859523241593,1,1
-0.7560335307360293,-0.5653794304083334,-1.4761467909994401,-0.7225462122358897,1,1
-0.2541144568407138,-0.9522793240028931,-1.0974032631569723,0.6845544931894064,0,0
-0.039006282314150015,-0.7073231570443711,-0.4254389395654972,0.6845544931894064,1,0
-1.7598716785266604,-0.40560033943055424,-1.4944730907337531,-0.018995859523241593,0,0
0.03269644252803792,-0.4792973571326301,-0.052804178301133764,0.6845544931894064,1,1
-0.32581718168290175,-0.6937399963048383,-1.5372344567804832,-1.4260965649485375,0,0
1.1082373151608569,1.4351869795700993,-1.4394941915308141,1.3881048459020544,1,1
-0.11070900715633794,0.049210365756811564,-0.6209194700648354,-0.018995859523241593,1,1
0.9648318654764809,-0.47343662602941006,0.8451845086802011,-0.018995859523241593,1,1
-0.6843308058938413,0.4169858622195263,0.8512932752583054,-0.7225462122358897,1,1
0.4629127915811655,-0.37377281832984754,-0.40100387325307996,-0.018995859523241593,0,1
-0.6843308058938413,2.4267605661873457,-1.5433432233585875,1.3881048459020544,1,1
-0.8994389804204052,-0.7843149639526864,-1.647192255186361,-1.4260965649485375,1,1
1.1799400400030446,-0.04848476973413086,-0.37046004036255836,-0.7225462122358897,1,1
0.4629127915811655,-0.9963970506849266,-0.8286175337203823,1.3881048459020544,1,1
1.7535618387405483,-0.6081664045668078,0.2587429171821865,-0.018995859523241593,0,1
1.1082373151608569,-0.224769898845766,-0.7247685018926089,0.6845544931894064,0,1
1.3233454896874206,-0.5693132090363892,0.9123809410393486,0.6845544931894064,0,1
-0.11070900715633794,-0.8789474431132835,1.3766472009752768,1.3881048459020544,1,1
-0.8994389804204052,-0.746758289369658,-1.1218383294693897,-1.4260965649485375,1,1
-1.042844430104781,-0.8519490703047957,-1.4211678917965012,0.6845544931894064,0,0
-0.7560335307360293,-0.44199456673951976,0.12435005246389148,1.3881048459020544,0,0
-1.114547154946969,0.5830963684728456,0.3809182487442729,-0.7225462122358897,0,1
1.1799400400030446,-0.5837575078639164,-1.6716273214987782,-0.018995859523241593,0,0
1.1082373151608569,2.4267605661873457,-1.0118805310635117,-1.4260965649485375,0,1
-1.6164662288422844,-0.1518298981875048,-0.9141402658138428,-1.4260965649485375,1,1
-0.6843308058938413,-0.9963970506849266,-1.2867750270782061,-0.7225462122358897,1,1
1.3233454896874206,-0.043075110962717426,-0.4193301729873929,-1.4260965649485375,0,1
-0.6126280810516535,-0.392212583938318,0.8574020418364098,1.3881048459020544,1,1
-0.039006282314150015,1.9748028489262917,-0.18719704301942877,-1.4260965649485375,1,1
0.31950734189678964,-0.3668291570513732,-0.3582425072063497,-1.4260965649485375,0,1
1.5384536642139843,-0.5292729622865363,1.5476926651621978,-1.4260965649485375,0,1
0.6780209661077292,2.4267605661873457,0.6435952116027586,1.3881048459020544,0,1
0.8214264157921051,-0.9963970506849266,-1.1951435284066414,-0.018995859523241593,0,0
-0.8994389804204052,-0.5823732685025937,0.8574020418364098,0.6845544931894064,1,1
-0.11070900715633794,-0.11456918410676853,1.0895351718043738,-1.4260965649485375,1,1
0.893129140634293,-0.6122239160795567,-0.7675298679393391,-0.7225462122358897,1,1
0.03269644252803792,-0.9963970506849266,-1.4456029581089185,-0.7225462122358897,1,1
-1.1862498797891567,0.03747499697255286,-0.7186597353145046,1.3881048459020544,0,0
-0.4692226313672776,-0.6422104202244394,0.3564831824318556,-0.018995859523241593,1,1
0.17610189221241376,-0.4536475657936224,0.08158868641716124,-1.4260965649485375,0,1
-1.3296553294735327,1.6267358258638007,-0.9935542313291988,1.3881048459020544,1,1
1.3950482145296086,-0.07408428344564073,-1.1218383294693897,0.6845544931894064,1,0
-0.2541144568407138,-0.7165321641915944,-1.3784065257497709,-0.018995859523241593,0,0
0.31950734189678964,0.025189783496084115,-0.6942246690020872,-0.018995859523241593,0,1
0.8214264157921051,-0.6252704255468612,1.4743874662249459,1.3881048459020544,0,1
-0.6843308058938413,-0.5592466295903556,0.7779880763210536,-0.7225462122358897,1,1
0.7497236909499172,0.5359270394069378,0.27706921691649944,-0.018995859523241593,0,1
-1.4730607791579085,-0.7255985397714481,0.5458549463530895,-0.7225462122358897,1,1
0.2478046170546017,0.23813586094766592,1.0223387394452264,-0.018995859523241593,1,1
-0.18241173199852587,-0.5150525950197794,1.2239280365226688,-0.018995859523241593,0,1
-1.4013580543157207,-0.666418562996258,0.2281990842916649,-0.018995859523241593,1,1
0.7497236909499172,-0.6647729512877304,1.5721277314746152,0.6845544931894064,0,1
0.5346155164233534,-0.7139690749259614,-0.33380744089393244,-0.7225462122358897,0,1
1.6818591138983603,-0.2802774693401051,1.3583209012409638,0.6845544931894064,1,1
1.1082373151608569,-0.5422923717560405,0.4175708482128988,-0.7225462122358897,1,1
-0.6843308058938413,1.9503504495953523,-1.1035120297350767,0.6845544931894064,1,1
0.6063182412655413,-0.8155648272055461,-0.8652701331890081,0.6845544931894064,0,0
1.2516427648452326,0.212960676149081,1.3827559675533811,0.6845544931894064,0,1
0.03269644252803792,1.3248539740523668,-0.6270282366429397,1.3881048459020544,0,1
0.8214264157921051,2.4267605661873457,-1.6227571888739438,0.6845544931894064,1,1
-0.8994389804204052,-0.7902487937341836,0.28317798349460377,-0.018995859523241593,0,1
-0.6126280810516535,1.0486600675242117,-1.0790769634226594,-1.4260965649485375,1,1
0.4629127915811655,-0.17404048585831097,-0.6453545363772527,0.6845544931894064,0,1
0.4629127915811655,1.1104566204027981,0.22209031771356058,-1.4260965649485375,0,1
0.17610189221241376,-0.7268130475676008,0.4175708482128988,-1.4260965649485375,1,1
0.2478046170546017,-0.4398155129690295,0.9490335405079745,-0.018995859523241593,1,1
-0.039006282314150015,-0.5930749150023408,1.3766472009752768,-1.4260965649485375,1,1
1.5384536642139843,-0.6386300113045421,0.0632623866828483,-1.4260965649485375,0,1
-0.2541144568407138,-0.32062651343331333,-0.08945677776975967,-1.4260965649485375,1,1
0.10439916737022584,2.4267605661873457,1.3461033680847552,-0.7225462122358897,1,1
1.3233454896874206,0.3941459127577014,0.4908760471501506,0.6845544931894064,1,1
0.893129140634293,-0.5861754695097507,-0.37046004036255836,0.6845544931894064,1,1
-0.3975199065250897,-0.5524787617186645,-0.4559827724560188,-1.4260965649485375,0,1
1.3950482145296086,0.2394933568901071,-0.23606717564426333,-0.018995859523241593,0,1
1.7535618387405483,-0.48702085650569815,-0.8469438334546953,-0.7225462122358897,1,1
-0.11070900715633794,-0.48471272116673836,0.90016340788314,-0.018995859523241593,1,1
1.5384536642139843,-0.8799754601351006,0.40535331505669014,-0.018995859523241593,0,1
1.5384536642139843,-0.38971760124610383,0.4114620816347945,-1.4260965649485375,1,1
-1.2579526046313447,-0.9963970506849266,1.5599101983184065,1.3881048459020544,1,1
-0.8277362555782172,-0.9963970506849266,0.6924653442275931,-1.4260965649485375,1,1
0.9648318654764809,-0.5857251103357811,-1.6533010217644653,1.3881048459020544,0,0
-0.8277362555782172,0.381007762508362,0.7596617765867406,-0.7225462122358897,0,1
-1.4730607791579085,2.4267605661873457,0.90016340788314,1.3881048459020544,0,1
1.5384536642139843,0.03427969328455363,0.8329669755239925,-1.4260965649485375,1,1
-0.32581718168290175,0.20100244554080718,-0.3765688069406627,-1.4260965649485375,1,1
-0.7560335307360293,-0.259783452582593,-1.3845152923278752,-0.018995859523241593,1,0
0.7497236909499172,0.6774015081863293,-0.535396737971375,-1.4260965649485375,0,1
0.5346155164233534,-0.1667923061835025,1.3888647341314855,-1.4260965649485375,0,1
-0.6126280810516535,0.0010219341420475633,1.5660189648965108,0.6845544931894064,1,1
-0.3975199065250897,-0.9745829787714079,1.2239280365226688,0.6845544931894064,1,1
-1.7598716785266604,-0.11737617335260384,-1.4211678917965012,-0.018995859523241593,1,1
-0.6843308058938413,-0.33512322936184896,-0.08334801119165536,1.3881048459020544,1,0
1.3950482145296086,-0.6209772153690339,-1.3845152923278752,1.3881048459020544,1,0
-0.5409253562094655,-0.5813987383185404,1.0467738057576437,0.6845544931894064,0,1
-1.114547154946969,-0.9321019493249415,-0.3276986743158281,-0.7225462122358897,0,1
-0.18241173199852587,0.20752249106419354,0.4175708482128988,0.6845544931894064,0,1
-0.5409253562094655,-0.1455569618545863,-0.2238496424880547,-0.7225462122358897,0,1
1.6818591138983603,-0.29732871664023175,-0.7308772684707131,1.3881048459020544,1,1
-1.1862498797891567,-0.1505012851374562,-1.3356451597030408,0.6845544931894064,0,0
1.4667509393717966,-0.9131494232317772,0.6863565776494888,-1.4260965649485375,0,1
0.31950734189678964,2.4267605661873457,0.24652538402597785,-0.7225462122358897,1,1
-0.8994389804204052,0.8778469984947141,-1.4456029581089185,-0.7225462122358897,0,1
0.39121006673897757,0.32190373704279646,0.40535331505669014,-0.7225462122358897,1,1
1.4667509393717966,2.32688922955726,-0.2666110085347849,1.3881048459020544,0,1
1.2516427648452326,-0.16899346784693503,1.0834264052262697,-0.018995859523241593,1,1
-0.8994389804204052,-0.5468968753296521,0.4114620816347945,-1.4260965649485375,1,1
0.4629127915811655,-0.10621917557402909,1.0895351718043738,0.6845544931894064,1,1
-0.6126280810516535,2.4267605661873457,-0.10778307750407264,-0.7225462122358897,0,1
-1.6164662288422844,-0.8179357204341485,0.9734686068203918,1.3881048459020544,0,1
-1.7598716785266604,2.4267605661873457,-0.40100387325307996,-0.7225462122358897,1,1
-1.4730607791579085,-0.9358677792824194,-0.4498740058779145,0.6845544931894064,0,0
0.4629127915811655,0.1994595285607858,-0.8408350668765909,-1.4260965649485375,1,1
-0.039006282314150015,1.0178709042339558,0.7291179436962191,-0.7225462122358897,1,1
1.3950482145296086,0.35712018418420666,-1.4578204912651271,1.3881048459020544,1,1
-1.4730607791579085,1.0999364725725291,-0.36435127378445403,1.3881048459020544,1,1
0.8214264157921051,-0.44763707154466414,-1.5127993904680659,-0.018995859523241593,1,0
-0.18241173199852587,-0.9191481503764274,-1.5677782896710049,1.3881048459020544,1,0
-0.971141705262593,1.1059918957652088,-0.8408350668765909,-0.018995859523241593,1,1
0.6063182412655413,2.4267605661873457,-1.4944730907337531,-1.4260965649485375,0,1
-0.18241173199852587,-0.47284078265672325,-1.2317961278752674,0.6845544931894064,0,0
-0.6843308058938413,0.4142983269113633,-0.9263577989700513,-0.018995859523241593,0,1
1.6818591138983603,-0.7953093617444597,-0.28493730826909786,-0.7225462122358897,0,1
-1.4730607791579085,-0.8202827228752166,0.3870270153223772,-0.7225462122358897,0,1
1.3233454896874206,-0.26460511271752485,-0.010042812254403533,0.6845544931894064,0,1
1.5384536642139843,-0.7596418422712429,0.9917949065547048,1.3881048459020544,1,1
0.17610189221241376,-0.27428302114247605,-1.4394941915308141,-0.7225462122358897,0,0
-1.4013580543157207,2.4267605661873457,0.9245984741955573,-0.018995859523241593,1,1
-0.8994389804204052,-0.7512893376860743,0.24652538402597785,0.6845544931894064,0,1
1.2516427648452326,-0.033840786712286006,1.4316261001782158,-0.7225462122358897,1,1
0.31950734189678964,-0.9963970506849266,-0.7186597353145046,1.3881048459020544,0,0
0.03269644252803792,0.1864312046183209,-0.10778307750407264,1.3881048459020544,0,0
-0.6126280810516535,-0.7511060561220043,1.1078614715386867,-0.7225462122358897,0,1
-1.1862498797891567,-0.08660162979800358,-1.3906240589059795,0.6845544931894064,0,0
-0.6843308058938413,-0.11437770122757478,0.3503744158537513,-1.4260965649485375,0,1
1.6818591138983603,-0.236386170271271,-1.6166484222958395,-0.7225462122358897,1,1
-0.5409253562094655,-0.8344980980371156,-0.7980737008298606,1.3881048459020544,1,0
-0.8994389804204052,-0.5476981081593514,0.9551423070860788,-1.4260965649485375,0,1
0.2478046170546017,-0.14483381980802207,-0.7492035682050261,0.6845544931894064,1,1
1.2516427648452326,-0.5228249457046715,1.2972332354599208,1.3881048459020544,1,1
1.3950482145296086,2.0565478528172014,-0.8469438334546953,0.6845544931894064,1,1
-0.11070900715633794,-0.3207267121093906,-1.5189081570461702,-0.7225462122358897,1,1
1.3950482145296086,-0.8480224232551083,-1.6349747220301523,0.6845544931894064,0,0
1.3233454896874206,0.07009091406189565,-1.5861045894053178,1.3881048459020544,0,0
1.4667509393717966,-0.9963970506849266,0.9612510736641832,-0.7225462122358897,1,1
-0.8994389804204052,2.4267605661873457,0.7657705431648449,1.3881048459020544,0,1
-0.039006282314150015,-0.9963970506849266,-0.41322140640928856,1.3881048459020544,0,0
1.1082373151608569,0.785961603321657,-0.3582425072063497,-1.4260965649485375,0,1
1.4667509393717966,0.508452990321272,1.3888647341314855,-0.018995859523241593,0,1
-1.7598716785266604,-0.8854496596907488,1.1261877712729997,0.6845544931894064,1,1
-1.1862498797891567,0.23523580460412213,-0.095565544347864,0.6845544931894064,1,1
-1.5447635040000964,-0.7448776921538889,0.3320481161194383,-1.4260965649485375,1,1
0.17610189221241376,-0.4733635273511331,1.095643938382478,0.6845544931894064,0,1
-0.971141705262593,0.1181352877936165,0.613051378712237,-1.4260965649485375,1,1
-0.11070900715633794,-0.39066966695829647,1.1567316041635214,0.6845544931894064,1,1
1.4667509393717966,-0.8501048441387058,-1.2195785947190587,0.6845544931894064,1,0
-1.1862498797891567,0.04489540426496057,-0.19941457617563743,1.3881048459020544,1,0
0.6780209661077292,-0.5011788224617307,-1.5738870562491092,-1.4260965649485375,0,1
0.893129140634293,-0.4358528514485814,-0.095565544347864,0.6845544931894064,1,1
0.6780209661077292,-0.39303877729230674,-0.9263577989700513,-0.018995859523241593,0,0
0.5346155164233534,-0.9344592925546439,0.22209031771356058,-1.4260965649485375,0,1
0.6780209661077292,-0.8838561085043111,-0.9996629979073032,-1.4260965649485375,1,1
1.4667509393717966,-0.7033002336867094,-0.11389184408217695,-1.4260965649485375,0,1
-0.3975199065250897,0.04484298716395217,-0.24828470880047196,1.3881048459020544,0,0
-1.6881689536844724,-0.8288712827043818,1.3583209012409638,-1.4260965649485375,1,1
1.3233454896874206,1.4407927567466463,-1.4333854249527098,1.3881048459020544,1,1
0.03269644252803792,-0.17811832236941008,-0.9324665655481557,-0.018995859523241593,1,0
1.1799400400030446,-0.008327208520116489,1.071208872070061,-0.7225462122358897,1,1
-0.8994389804204052,-0.5753147888123867,1.4927137659592589,1.3881048459020544,1,1
0.31950734189678964,-0.9798282546614279,-1.1157295628912853,0.6845544931894064,0,0
0.4629127915811655,0.19790484447645612,0.5275286466187765,-1.4260965649485375,1,1
0.7497236909499172,-0.7575661963870955,-0.9263577989700513,-0.7225462122358897,0,0
-0.4692226313672776,-0.9623516087116213,0.3809182487442729,1.3881048459020544,0,0
-0.2541144568407138,-0.7981748299329166,1.4560611664906329,0.6845544931894064,1,1
-1.7598716785266604,-0.41379666244945285,0.9368160073517658,-0.7225462122358897,0,1
-1.042844430104781,-0.9963970506849266,0.9673598402422875,-0.018995859523241593,0,1
0.03269644252803792,-0.5778190425564799,-1.6349747220301523,1.3881048459020544,1,0
1.6101563890561723,1.0138026953536543,-0.9446840987043643,1.3881048459020544,1,1
-0.4692226313672776,-0.32809256282727917,0.6863565776494888,-0.018995859523241593,0,1
-0.4692226313672776,1.467018423038909,0.460332214259629,1.3881048459020544,0,1
-0.971141705262593,-0.61420542512924,-1.0790769634226594,-1.4260965649485375,0,0
-1.6164662288422844,1.3492988852260188,-1.4150591252183968,1.3881048459020544,0,0
-0.5409253562094655,-0.9337076241946056,-0.5598318042837922,-1.4260965649485375,0,1
1.6818591138983603,0.29191687631899516,-0.24217594222236766,1.3881048459020544,1,1
-1.4730607791579085,-0.43420795289789066,1.0467738057576437,0.6845544931894064,1,1
1.6101563890561723,1.9054457532403568,-0.4559827724560188,0.6845544931894064,1,1
-0.11070900715633794,-0.6190324339479484,1.4560611664906329,-0.7225462122358897,1,1
-0.8277362555782172,-0.8648914587279203,1.5354751320059892,0.6845544931894064,0,0
0.893129140634293,0.1645886063913285,-0.3765688069406627,-0.018995859523241593,1,1
-1.6164662288422844,2.4267605661873457,0.6313776784465499,-0.7225462122358897,1,1
-1.4013580543157207,-0.1443745461610917,1.6576504635680755,0.6845544931894064,0,1
-0.971141705262593,-0.385991351548571,1.2911244688818164,-1.4260965649485375,0,1
-1.042844430104781,-0.9059779080244298,0.5275286466187765,1.3881048459020544,0,0
0.9648318654764809,0.8855562347110452,-0.651463302955357,0.6845544931894064,1,1
0.03269644252803792,-0.39311615491760477,0.7902056094772623,-1.4260965649485375,1,1
-1.7598716785266604,0.44388938503571357,-0.8408350668765909,-0.7225462122358897,0,0
-0.6843308058938413,-0.1823744483397213,-0.25439347537857626,1.3881048459020544,0,0
1.6101563890561723,2.4267605661873457,-0.975227931594886,0.6845544931894064,1,1
1.6818591138983603,-0.6892303427235275,-0.13832691039459422,-0.7225462122358897,0,1
1.5384536642139843,-0.6724697072419167,1.3338858349285465,0.6845544931894064,0,1
-1.1862498797891567,1.0248031549870407,0.08769745299526557,-0.7225462122358897,0,1
-1.4730607791579085,1.0785417374670774,-1.3784065257497709,0.6845544931894064,1,1
-1.2579526046313447,1.149864652730285,1.0834264052262697,-1.4260965649485375,1,1
-0.32581718168290175,-0.3635012060057201,1.4743874662249459,-0.018995859523241593,1,1
0.5346155164233534,-0.17234388336444872,-0.016151578832507854,-1.4260965649485375,0,1
0.9648318654764809,-0.9348775596259554,0.9551423070860788,1.3881048459020544,0,0
1.2516427648452326,-0.47032119601913785,-1.5189081570461702,0.6845544931894064,1,1
-0.3975199065250897,-0.10314332582370203,-1.2501224276095804,-0.018995859523241593,0,1
1.3950482145296086,-0.10258385350069452,0.11213251930768284,-0.018995859523241593,0,1
-0.2541144568407138,-0.7708840624113208,0.8024231426334709,1.3881048459020544,1,1
-0.8994389804204052,-0.877414510342978,-0.24828470880047196,1.3881048459020544,0,0
0.9648318654764809,1.0924215718667392,-0.2666110085347849,-0.018995859523241593,0,1
-1.042844430104781,0.7685056389491189,-0.07113047803544673,1.3881048459020544,0,1
-0.5409253562094655,-0.5164033159627701,-0.93857533212626,1.3881048459020544,0,0
0.31950734189678964,1.066414131872552,1.150622837585417,0.6845544931894064,1,1
0.5346155164233534,0.8705763543480447,1.4866049993811545,-1.4260965649485375,0,1
1.3233454896874206,-0.992411211534781,-1.5311256902023789,-0.7225462122358897,1,1
-1.6164662288422844,-0.43112889393729764,0.6252689118684456,-0.018995859523241593,1,1
-1.7598716785266604,1.856475700636407,1.3766472009752768,-0.7225462122358897,1,1
0.7497236909499172,-0.9789022192102802,0.9917949065547048,-0.018995859523241593,1,1
-1.4013580543157207,-0.9549237132619268,1.3705384343971725,-0.018995859523241593,0,1
0.8214264157921051,0.33069697317113705,-0.6148107034867311,-1.4260965649485375,0,1
0.2478046170546017,1.7209222247974492,1.4316261001782158,-0.018995859523241593,1,1
-1.042844430104781,-0.5453700044009597,0.21598155113545625,-0.018995859523241593,1,1
-0.8994389804204052,-0.6478454368722971,-1.2501224276095804,-1.4260965649485375,1,0
-1.042844430104781,-0.9954182415538521,-0.4254389395654972,1.3881048459020544,1,0
0.893129140634293,-0.5561829035232551,0.40535331505669014,-0.7225462122358897,0,1
-0.039006282314150015,-0.9587950905792583,-1.4822555575775445,-0.018995859523241593,1,0
-0.7560335307360293,-0.5881195377729996,-1.4150591252183968,-1.4260965649485375,1,0
-0.8994389804204052,1.7741262954787678,-0.956901631860573,-0.018995859523241593,0,1
1.1799400400030446,-0.923785459210534,-1.5861045894053178,-1.4260965649485375,1,1
0.5346155164233534,-0.5287423728559211,0.2892867500727081,-0.7225462122358897,0,1
-0.8994389804204052,0.7188819771876973,0.3809182487442729,0.6845544931894064,0,1
0.893129140634293,-0.7776301789689881,1.5721277314746152,1.3881048459020544,0,1
-0.11070900715633794,0.04196218608200307,0.6497039781808629,0.6845544931894064,1,1
-0.3975199065250897,0.6268607254467206,1.4438436333344244,-1.4260965649485375,0,1
1.3233454896874206,-0.28953853700941834,-0.9446840987043643,-0.018995859523241593,0,1
-0.6126280810516535,-0.2719167634398131,-1.5189081570461702,1.3881048459020544,1,0
1.7535618387405483,-0.87704973010943,1.5843452646308236,-0.7225462122358897,1,1
-0.11070900715633794,-0.6121590187164035,-1.2867750270782061,1.3881048459020544,1,0
0.03269644252803792,-0.215310573297809,1.132296537851104,-0.018995859523241593,1,1
1.036534590318669,-0.9963970506849266,0.24041661744787354,0.6845544931894064,0,1
0.4629127915811655,-0.9963970506849266,-0.3582425072063497,-1.4260965649485375,1,1
0.2478046170546017,-0.4651697003846635,1.1078614715386867,0.6845544931894064,0,1
-0.8277362555782172,0.00811464540842322,1.6209978640994496,1.3881048459020544,0,1
0.8214264157921051,-0.2812676889965691,1.2117105033664601,-0.018995859523241593,1,1
-0.2541144568407138,-0.9837773661829758,0.5153111134625679,-1.4260965649485375,1,1
0.6063182412655413,1.2288750528957997,-0.9080314992357384,-0.018995859523241593,1,1
0.10439916737022584,-0.2679287848161569,-1.1462733957818068,-0.018995859523241593,1,1
0.17610189221241376,0.9342970070704484,0.4175708482128988,1.3881048459020544,0,1
-0.2541144568407138,-0.7243251964537553,0.7352267102743234,0.6845544931894064,1,1
1.2516427648452326,-0.11528376825929064,1.2789069357256078,-0.018995859523241593,0,1
-1.6164662288422844,0.18257765624691064,1.1078614715386867,-0.018995859523241593,0,1
-0.2541144568407138,1.0056338289114743,1.2300368031007731,-0.018995859523241593,1,1
1.6101563890561723,0.8317655917089186,-0.3948951066749756,-1.4260965649485375,1,1
-0.32581718168290175,-0.7861320901209762,1.5293663654278848,-0.018995859523241593,1,1
-0.6843308058938413,-0.43947961562787397,0.19765525140114332,-0.018995859523241593,0,1
-1.1862498797891567,-0.673578667678216,-1.2134698281409544,1.3881048459020544,0,0
-0.8994389804204052,-0.23290382055394032,-1.5433432233585875,-0.018995859523241593,0,0
-1.114547154946969,-0.9524875660912527,-1.3112100933906234,-0.018995859523241593,1,0
1.6818591138983603,-0.9788462363200876,0.6802478110713845,1.3881048459020544,1,1
-0.32581718168290175,2.4267605661873457,-1.3356451597030408,-1.4260965649485375,1,1
1.6818591138983603,2.4267605661873457,-0.651463302955357,0.6845544931894064,1,1
1.1799400400030446,1.3812579839476242,0.8390757421020968,1.3881048459020544,1,1
1.036534590318669,0.13563332847852863,-0.5109616716589577,-1.4260965649485375,1,1
-1.3296553294735327,0.5665860513919684,1.266689402569399,0.6845544931894064,1,1
1.4667509393717966,0.5712304918044435,0.8635108084145141,-0.018995859523241593,0,1
-0.2541144568407138,2.4267605661873457,0.3992445484785858,1.3881048459020544,0,1
-0.5409253562094655,-0.6590684017507802,-0.095565544347864,-0.018995859523241593,0,1
-0.32581718168290175,-0.7708419860989467,0.460332214259629,1.3881048459020544,0,1
1.7535618387405483,-0.3654541887419295,0.9917949065547048,0.6845544931894064,1,1
-0.8277362555782172,0.2857031320865353,-0.3215899077377238,-1.4260965649485375,1,1
-1.114547154946969,-0.5302999095715979,0.8451845086802011,1.3881048459020544,1,1
0.5346155164233534,-0.6870766060562454,0.460332214259629,-1.4260965649485375,0,1
-1.1862498797891567,2.166828797812844,1.266689402569399,-0.018995859523241593,1,1
-0.5409253562094655,-0.7989653653950629,-1.3173188599687278,-0.018995859523241593,0,0
-0.8994389804204052,2.272349414247524,-0.7492035682050261,0.6845544931894064,0,1
-0.6126280810516535,0.9187562280687667,1.6209978640994496,0.6845544931894064,0,1
-0.18241173199852587,2.4267605661873457,-0.30326360800341085,-0.7225462122358897,1,1
-0.039006282314150015,2.4267605661873457,0.26485168376029083,-0.7225462122358897,1,1
-0.6843308058938413,-0.0016877090590579518,0.02660978721422238,0.6845544931894064,0,1
-0.11070900715633794,2.4267605661873457,1.2178192699445645,-0.018995859523241593,0,1
0.39121006673897757,0.16270194733394597,-1.5311256902023789,-1.4260965649485375,1,1
-1.042844430104781,0.028191821410297496,1.4927137659592589,0.6845544931894064,0,1
-0.18241173199852587,-0.1856460599162633,0.5702900126655067,-1.4260965649485375,1,1
1.1082373151608569,-0.6303662948700613,0.3687007155880642,-0.7225462122358897,0,1
0.9648318654764809,0.5398601048771567,0.9673598402422875,-1.4260965649485375,1,1
-0.2541144568407138,1.3429906475801763,-1.6594097883425696,0.6845544931894064,0,1
0.5346155164233534,-0.9450300745913292,-0.10167431092596832,-0.018995859523241593,1,1
1.1082373151608569,2.4267605661873457,-0.07113047803544673,0.6845544931894064,0,1
1.1799400400030446,2.4267605661873457,-0.93857533212626,1.3881048459020544,1,1
1.6101563890561723,-0.7002372207774455,-1.5494519899366919,1.3881048459020544,0,0
-0.5409253562094655,0.2392055977029385,-0.8225087671422779,1.3881048459020544,1,0
-0.8277362555782172,-0.38680435148257813,1.2361455696788775,-0.018995859523241593,0,1
0.17610189221241376,-0.0434302635654679,0.08769745299526557,0.6845544931894064,0,1
-1.042844430104781,-0.4534375408106706,-0.4193301729873929,1.3881048459020544,0,0
-0.11070900715633794,0.18624328752831146,-1.4150591252183968,0.6845544931894064,0,0
0.7497236909499172,-0.869385066257902,-0.956901631860573,-0.7225462122358897,0,0
-0.4692226313672776,2.4267605661873457,-1.647192255186361,1.3881048459020544,0,0
-0.8994389804204052,-0.848154000876007,-0.41322140640928856,1.3881048459020544,1,0
0.5346155164233534,0.22554648565378138,0.4297883813691074,-0.018995859523241593,1,1
-0.4692226313672776,-0.7405809161868774,-0.8102912339860693,0.6845544931894064,0,0
1.5384536642139843,-0.46722074232343946,0.594725078977924,-0.018995859523241593,1,1
0.4629127915811655,0.10669944530083417,-0.2605022419566806,-0.018995859523241593,0,1
-0.7560335307360293,-0.2729158975692377,-0.6758983692677742,0.6845544931894064,0,1
-1.042844430104781,-0.2451309116667059,1.6637592301461799,-0.7225462122358897,1,1
-0.18241173199852587,-0.5954443819152694,0.5458549463530895,0.6845544931894064,0,1
-1.4730607791579085,-0.7456835605095276,0.3687007155880642,-0.7225462122358897,0,1
-0.2541144568407138,0.3853095305802315,-1.6105396557177352,-0.018995859523241593,1,1
1.1799400400030446,-0.8047644083453956,0.8146406757896795,-0.7225462122358897,0,1
-0.5409253562094655,-0.7288491131918029,-1.2195785947190587,-0.7225462122358897,0,0
-1.3296553294735327,-0.7240078412163576,0.15489388535441306,-0.7225462122358897,1,1
0.5346155164233534,-0.5751767927709566,0.6497039781808629,1.3881048459020544,1,1
-1.6164662288422844,-0.949231287408203,-1.5066906238899616,1.3881048459020544,0,0
0.17610189221241376,-0.9462909376468771,1.150622837585417,-0.018995859523241593,0,1
-1.7598716785266604,0.2128861511551305,0.7413354768524277,0.6845544931894064,0,1
1.6818591138983603,0.22836488542500624,0.6191601452903414,-0.7225462122358897,0,1
1.5384536642139843,-0.06743872214296892,0.8940546413050356,1.3881048459020544,0,1
0.8214264157921051,1.9679461929039128,0.5458549463530895,0.6845544931894064,0,1
-0.2541144568407138,-0.8139727023347821,-0.3582425072063497,-0.7225462122358897,0,1
1.6101563890561723,-0.9963970506849266,-1.0607506636883464,0.6845544931894064,1,1
1.3233454896874206,0.5834547302858617,-1.109620796313181,-1.4260965649485375,0,1
-0.4692226313672776,-0.9963970506849266,-0.052804178301133764,-0.7225462122358897,0,1
-0.8277362555782172,-0.4540907933892237,-0.4193301729873929,0.6845544931894064,1,0
-1.6164662288422844,-0.10168491804734703,-1.189034761828537,-0.7225462122358897,0,0
-0.4692226313672776,2.4267605661873457,-1.4517117246870228,-0.7225462122358897,0,1
0.5346155164233534,-0.6843708852232426,-1.6105396557177352,-1.4260965649485375,1,1
-0.32581718168290175,-0.6496436643579102,-1.127947096047494,0.6845544931894064,0,0
-1.7598716785266604,0.3822162084629016,-1.5616695230929005,-0.018995859523241593,1,0
0.03269644252803792,0.2949588510720721,0.6069426121341327,1.3881048459020544,1,1
-1.114547154946969,-0.5818883211735368,-1.1035120297350767,-0.7225462122358897,1,1
0.6780209661077292,-0.19385557635514353,-1.4822555575775445,-0.7225462122358897,1,1
-0.8994389804204052,-0.7631748261949897,-0.8225087671422779,-0.7225462122358897,1,1
-1.4013580543157207,0.08865191650263023,-1.5494519899366919,-0.7225462122358897,1,1
1.2516427648452326,-0.9794492112711429,-0.7675298679393391,1.3881048459020544,1,0
-1.4013580543157207,2.4267605661873457,-0.3276986743158281,-0.018995859523241593,0,1
0.6780209661077292,0.4762788745118568,-0.33991620747203677,-1.4260965649485375,1,1
-0.6843308058938413,-0.8780050050318884,1.627106630677554,-0.018995859523241593,1,1
1.1082373151608569,-0.5382059773508993,-1.323427626546832,1.3881048459020544,0,0
-1.2579526046313447,-0.8650490666098637,0.918489707617453,0.6845544931894064,0,1
-1.6164662288422844,-0.7926389422243809,0.0021747209018051043,-1.4260965649485375,1,1
-1.4730607791579085,-0.16846145210064606,-0.8225087671422779,-1.4260965649485375,1,1
-0.32581718168290175,2.0193270755753288,-1.5372344567804832,0.6845544931894064,1,1
0.39121006673897757,-0.4291855388318858,0.6313776784465499,-0.7225462122358897,1,1
-0.8277362555782172,-0.9963970506849266,0.6008338455560284,1.3881048459020544,0,1
0.8214264157921051,-0.7139327038762819,-1.2928837936563105,0.6845544931894064,0,1
-0.4692226313672776,-0.6850309128012457,0.4114620816347945,-0.018995859523241593,1,1
0.8214264157921051,-0.28056808115862086,-0.6575720695334614,-0.018995859523241593,0,1
-0.3975199065250897,-0.4568992089507326,-0.7553123347831304,0.6845544931894064,0,0
-1.6881689536844724,-0.9963970506849266,1.5171488322716762,1.3881048459020544,0,1
-1.3296553294735327,-0.8275676301786229,1.3827559675533811,-1.4260965649485375,0,1
0.5346155164233534,-0.8795365114865203,0.4481146811034204,-1.4260965649485375,1,1
1.7535618387405483,0.7878282939596076,-0.016151578832507854,-0.7225462122358897,0,1
1.1799400400030446,-0.5483916541556862,0.9490335405079745,1.3881048459020544,0,1
-1.4013580543157207,-0.9963970506849266,-0.25439347537857626,-0.018995859523241593,1,1
-1.3296553294735327,-0.809450211912408,-0.4071126398311843,-0.018995859523241593,0,0
1.3233454896874206,1.403474990038962,1.0895351718043738,-0.7225462122358897,1,1
-0.5409253562094655,-0.707605567547763,1.3827559675533811,-0.018995859523241593,1,1
1.2516427648452326,-0.7408722411632299,-0.33991620747203677,-0.7225462122358897,0,1
0.2478046170546017,-0.4765966284044852,-1.1829259952504327,-0.7225462122358897,0,1
-0.4692226313672776,-0.15483799794333133,1.6759767633023885,0.6845544931894064,1,1
-0.039006282314150015,-0.45807520622369574,1.627106630677554,-1.4260965649485375,0,1
-1.5447635040000964,1.0459593387960666,-0.14443567697269855,1.3881048459020544,1,1
-0.8994389804204052,-0.45803134701672943,0.8574020418364098,1.3881048459020544,1,1
0.4629127915811655,0.4024231791910824,-1.152382162359911,-1.4260965649485375,0,1
0.10439916737022584,-0.18289006145576267,-0.3521337406282454,1.3881048459020544,1,0
0.6063182412655413,-0.9234741658147497,-0.4804178387684361,-0.018995859523241593,1,1
0.17610189221241376,2.4267605661873457,0.13656758562010013,-0.018995859523241593,0,1
-1.1862498797891567,1.3556071228718614,-1.4089503586402925,1.3881048459020544,0,0
-1.2579526046313447,-0.6934219279096039,0.7230091771181147,0.6845544931894064,1,1
-0.32581718168290175,-0.4362162053664557,1.0284475060233307,1.3881048459020544,0,1
1.4667509393717966,0.3140037311051083,-1.127947096047494,-0.7225462122358897,1,1
0.31950734189678964,-0.19868793385762823,-0.7308772684707131,-0.7225462122358897,0,1
0.2478046170546017,-0.2648600666441982,1.2422543362569818,-1.4260965649485375,1,1
-1.1862498797891567,0.1631783367689607,-1.3173188599687278,-0.018995859523241593,0,0
-0.8994389804204052,-0.020599941734440443,-1.0057717644854076,0.6845544931894064,0,0
-0.5409253562094655,-0.015497653990708632,1.2483631028350861,1.3881048459020544,0,1
0.893129140634293,-0.27848031159124725,-1.3784065257497709,-0.7225462122358897,0,1
-0.2541144568407138,0.34886252959133907,0.6252689118684456,-0.018995859523241593,0,1
0.39121006673897757,-0.17038055983960507,-1.4822555575775445,-0.018995859523241593,1,0
0.6780209661077292,-0.14573418157704318,1.2911244688818164,0.6845544931894064,1,1
1.1799400400030446,1.9669385008804459,1.5660189648965108,0.6845544931894064,0,1
1.1799400400030446,0.07252777439040672,-1.6594097883425696,0.6845544931894064,1,0
-1.114547154946969,-0.04593558704631636,0.6313776784465499,0.6845544931894064,0,1
-1.1862498797891567,-0.8161014784777745,-0.19941457617563743,-0.7225462122358897,1,1
0.39121006673897757,-0.79941857720038,1.627106630677554,0.6845544931894064,1,1
1.3233454896874206,1.3209783177880141,0.5030935803063592,-0.018995859523241593,1,1
1.036534590318669,0.25069207440213725,-0.47430907219033175,-0.018995859523241593,0,1
-0.11070900715633794,0.8270109684106502,0.881837108148827,1.3881048459020544,0,1
1.1082373151608569,-0.18195118916355182,-0.010042812254403533,-0.018995859523241593,1,1
1.6818591138983603,0.029735451548155867,1.3888647341314855,-0.018995859523241593,1,1
-1.2579526046313447,-0.4601351626354322,-1.4639292578432315,-0.7225462122358897,1,0
1.7535618387405483,-0.37432515907448655,1.1384053044292084,-0.018995859523241593,1,1
-0.3975199065250897,-0.6213091903420869,-0.1322181438164899,-1.4260965649485375,0,1
-0.6126280810516535,1.8417493478844058,1.4499523999125288,-0.018995859523241593,0,1
0.17610189221241376,-0.7535803572369497,-1.3845152923278752,1.3881048459020544,1,0
-1.4013580543157207,-0.07079947844911695,-0.5476142711275835,1.3881048459020544,0,0
1.1799400400030446,-0.4674878199333391,1.321668301772338,0.6845544931894064,1,1
0.5346155164233534,0.8955094220610198,-0.010042812254403533,-0.7225462122358897,0,1
0.17610189221241376,-0.1528325981061136,1.5415838985840935,1.3881048459020544,1,1
-1.7598716785266604,0.10699861501339204,-0.8958139660795298,-1.4260965649485375,0,1
1.1082373151608569,-0.17241983467407312,-0.3948951066749756,-1.4260965649485375,1,1
0.6780209661077292,-0.8478181035348513,-0.8102912339860693,0.6845544931894064,0,0
-0.11070900715633794,0.22279191350895447,-0.6209194700648354,-0.7225462122358897,1,1
-1.4013580543157207,-0.42778204420896815,1.052882572335748,-0.7225462122358897,0,1
-1.3296553294735327,-0.7722265820391878,-0.9507928652824686,-0.018995859523241593,1,0
-1.1862498797891567,-0.9474373388696108,-1.6105396557177352,-1.4260965649485375,1,0
0.8214264157921051,-0.7921614830526109,0.17932895166683036,-1.4260965649485375,0,1
-0.6843308058938413,0.5472919226949537,-0.7369860350488174,-1.4260965649485375,0,1
0.6063182412655413,2.4267605661873457,0.29539551665081243,-1.4260965649485375,0,1
0.6780209661077292,-0.25489190297964986,1.6026715643651366,1.3881048459020544,1,1
0.6780209661077292,-0.8491431507957157,1.0406650391795393,-0.7225462122358897,1,1
-0.3975199065250897,0.05202626947560748,0.4114620816347945,-0.018995859523241593,1,1
-0.18241173199852587,1.1677299697011738,-0.3276986743158281,1.3881048459020544,0,1
1.1799400400030446,2.4267605661873457,-1.0057717644854076,-0.7225462122358897,1,1
0.6780209661077292,1.6413163378381659,0.8268582089458881,0.6845544931894064,0,1
1.5384536642139843,-0.1561505649420507,0.8757283415707227,-1.4260965649485375,1,1
1.4667509393717966,0.2568690910059995,1.4071910338657985,-0.018995859523241593,1,1
-0.18241173199852587,-0.7577220213744469,-1.4333854249527098,-0.7225462122358897,1,1
-1.5447635040000964,0.6036263997011186,1.4316261001782158,0.6845544931894064,0,1
-1.114547154946969,0.8595448723487553,1.1261877712729997,-1.4260965649485375,1,1
1.2516427648452326,-0.9963970506849266,-0.07113047803544673,0.6845544931894064,1,1
-1.042844430104781,-0.23316020079628727,-0.956901631860573,0.6845544931894064,0,0
1.036534590318669,2.346248968775265,1.071208872070061,1.3881048459020544,1,1
-1.1862498797891567,-0.7376191716904461,0.8512932752583054,0.6845544931894064,0,1
1.036534590318669,-0.9963970506849266,1.5354751320059892,1.3881048459020544,1,1
-0.971141705262593,-0.37504580506862195,1.1384053044292084,1.3881048459020544,1,1
-0.6126280810516535,1.1646355778470887,-0.956901631860573,0.6845544931894064,0,0
0.4629127915811655,0.03339288151443282,-0.3521337406282454,-0.7225462122358897,1,1
-0.18241173199852587,-0.3321664769702756,-1.20736106156285,0.6845544931894064,0,0
-0.7560335307360293,-0.8277858564766984,0.8940546413050356,0.6845544931894064,0,1
0.17610189221241376,-0.8771263945768912,-0.6270282366429397,-0.7225462122358897,1,1
0.893129140634293,-0.19610380643580805,0.7046828773838018,-1.4260965649485375,1,1
-1.4730607791579085,-0.39826194528938436,-1.5189081570461702,-0.018995859523241593,1,1
1.036534590318669,0.7031835903040721,-0.8958139660795298,-1.4260965649485375,1,1
-0.5409253562094655,0.08122794342103859,0.6069426121341327,0.6845544931894064,1,1
-0.32581718168290175,-0.7654415983794123,-1.5311256902023789,-1.4260965649485375,0,0
-0.7560335307360293,-0.12432874910403877,1.1933842036321474,-0.018995859523241593,0,1
-1.6164662288422844,-0.27928261415770167,0.9062721744612443,-1.4260965649485375,0,1
1.4667509393717966,-0.9903038301268938,-0.5964844037524182,-0.018995859523241593,0,1
0.03269644252803792,-0.6225236981382396,1.608780330943241,-1.4260965649485375,0,1
-0.7560335307360293,-0.304990171281494,-0.052804178301133764,1.3881048459020544,1,1
1.3950482145296086,-0.4377912144491353,-0.02836911198871649,0.6845544931894064,0,1
-0.3975199065250897,-0.062005885741857864,0.3320481161194383,-0.018995859523241593,0,1
-0.32581718168290175,-0.2895984422677136,1.1017527049605824,0.6845544931894064,1,1
0.03269644252803792,-0.034800697160684006,0.12435005246389148,1.3881048459020544,1,1
1.1082373151608569,-0.21097885259679175,-0.9324665655481557,-1.4260965649485375,1,1
-0.18241173199852587,-0.37164475534469193,-0.7064422021582959,0.6845544931894064,1,0
1.6818591138983603,-0.2177534954679331,-0.5903756371743138,-1.4260965649485375,0,1
-0.039006282314150015,-0.5919024835185618,0.325939349541334,-1.4260965649485375,1,1
-1.5447635040000964,-0.6207422298617923,0.19765525140114332,0.6845544931894064,0,1
-1.114547154946969,-0.27239600550617515,-1.134055862625598,-0.018995859523241593,1,0
-0.2541144568407138,-0.9963970506849266,-1.4456029581089185,-0.018995859523241593,1,0
-1.6164662288422844,-0.5969687567915328,0.43589714794721174,0.6845544931894064,0,0
-0.4692226313672776,-0.751401660045378,-0.13832691039459422,-0.018995859523241593,0,1
0.39121006673897757,-0.7964504142834171,-0.7675298679393391,-0.7225462122358897,1,1
-1.1862498797891567,-0.5659688553604887,-1.5799958228272135,-1.4260965649485375,0,0
0.2478046170546017,-0.9334391202690322,0.5641812460874024,0.6845544931894064,1,1
0.8214264157921051,-0.5632256937410512,-0.956901631860573,1.3881048459020544,1,1
1.4667509393717966,-0.1491905010333289,0.2587429171821865,0.6845544931894064,0,1
-1.3296553294735327,1.1063638075771252,0.08158868641716124,0.6845544931894064,0,1
0.893129140634293,2.4267605661873457,0.46644098083773333,-1.4260965649485375,0,1
-0.11070900715633794,-0.9963970506849266,0.13656758562010013,1.3881048459020544,1,0
-1.2579526046313447,-0.8303496589001684,-0.49263537192464474,-1.4260965649485375,0,1
0.6063182412655413,-0.5633733174132789,0.7169004105400104,-0.018995859523241593,0,1
0.03269644252803792,-0.23714532678859615,1.0284475060233307,0.6845544931894064,1,1
0.17610189221241376,-0.008146423008475432,0.03882732037043102,-1.4260965649485375,0,1
0.17610189221241376,-0.7123238197963522,0.1610026519325174,-0.7225462122358897,0,1
1.4667509393717966,-0.9963970506849266,0.9245984741955573,0.6845544931894064,0,1
-1.3296553294735327,1.0711298880687121,-0.15054444355080288,-0.018995859523241593,0,1
-1.6164662288422844,0.1593618726050666,1.4682786996468415,-1.4260965649485375,1,1
-0.2541144568407138,0.4636770189558274,0.8024231426334709,-1.4260965649485375,0,1
0.893129140634293,-0.505336532650557,-0.18719704301942877,-0.7225462122358897,1,1
1.4667509393717966,-0.02317265863087093,0.5641812460874024,-0.018995859523241593,1,1
1.3233454896874206,-0.9963970506849266,-0.9446840987043643,-0.7225462122358897,0,1
-0.5409253562094655,-0.8697241728093233,1.0101212062890177,0.6845544931894064,1,1
-0.971141705262593,1.453716959644931,1.4010822672876941,1.3881048459020544,0,1
0.39121006673897757,-0.32895191802068147,0.9673598402422875,-1.4260965649485375,1,1
0.9648318654764809,2.4267605661873457,-0.5598318042837922,-0.7225462122358897,0,1
-1.4730607791579085,-0.8426880026354825,1.1384053044292084,-1.4260965649485375,1,1
1.3233454896874206,2.4267605661873457,-0.956901631860573,-1.4260965649485375,1,1
1.1082373151608569,2.4267605661873457,-1.4883643241556488,-0.7225462122358897,1,1
0.2478046170546017,-0.7269168120328623,-0.7675298679393391,-1.4260965649485375,1,1
1.2516427648452326,-0.6404396493155449,1.5476926651621978,-0.018995859523241593,1,1
0.7497236909499172,1.6078407089765023,-0.010042812254403533,-0.018995859523241593,1,1
-0.8277362555782172,-0.6916354675282987,0.6741390444932802,1.3881048459020544,0,0
1.3233454896874206,-0.5368174590425553,-1.054641897110242,-0.018995859523241593,1,0
-0.5409253562094655,-0.7617399526272507,-1.2379048944533717,-0.7225462122358897,0,0
-1.3296553294735327,-0.7514430231999153,0.8146406757896795,-0.018995859523241593,1,0
-0.18241173199852587,-0.25527237268560843,0.44200591452531607,1.3881048459020544,0,1
0.5346155164233534,-0.541622003389403,0.5641812460874024,0.6845544931894064,1,1
1.3950482145296086,-0.9963970506849266,1.6759767633023885,0.6845544931894064,1,1
-0.6843308058938413,2.1795893309875725,0.0999149861514742,-0.7225462122358897,1,1
0.8214264157921051,2.4267605661873457,0.90016340788314,1.3881048459020544,1,1
-0.039006282314150015,0.17205750841664166,-0.5720493374400009,-0.018995859523241593,1,1
-1.1862498797891567,-0.24835509824709753,-0.9813366981729902,1.3881048459020544,1,0
0.17610189221241376,-0.8309490680620395,-0.2238496424880547,-1.4260965649485375,1,1
-1.1862498797891567,-0.6441309542790722,-1.1035120297350767,1.3881048459020544,1,0
-0.971141705262593,1.1950542556411017,-0.08945677776975967,-0.018995859523241593,0,1
-0.5409253562094655,0.28912129759854965,-1.0240980642197204,-0.7225462122358897,0,0
0.10439916737022584,0.0992736893246503,-0.18719704301942877,-1.4260965649485375,1,1
0.03269644252803792,0.15303580601330283,0.9062721744612443,1.3881048459020544,0,1
0.03269644252803792,1.1336342501003707,0.3687007155880642,0.6845544931894064,1,1
-1.114547154946969,0.8170677652703916,-1.5372344567804832,-0.018995859523241593,0,0
-0.6126280810516535,0.42593991544007626,-0.02226034541061217,-0.7225462122358897,1,1
0.4629127915811655,-0.5845840577968238,-0.8225087671422779,-0.018995859523241593,0,1
-0.11070900715633794,2.4267605661873457,1.16894913731973,1.3881048459020544,0,1
1.2516427648452326,-0.655409902047748,1.095643938382478,-0.7225462122358897,1,1
1.6101563890561723,-0.8095689526922433,0.6680302779151759,0.6845544931894064,0,1
-1.2579526046313447,-0.6920868964390238,0.6252689118684456,-1.4260965649485375,1,1
0.31950734189678964,-0.9003796190051699,0.997903673132809,1.3881048459020544,1,1
0.03269644252803792,0.26878203609163354,0.90016340788314,-0.7225462122358897,0,1
-0.11070900715633794,-0.36419225594962623,-0.7247685018926089,-1.4260965649485375,1,1
0.10439916737022584,1.2890741322198458,0.3687007155880642,-0.7225462122358897,0,1
-0.7560335307360293,-0.9963970506849266,1.5660189648965108,1.3881048459020544,0,1
0.17610189221241376,-0.16920884151366314,-0.8713788997671125,-0.7225462122358897,0,1
-1.042844430104781,-0.5315350989450194,1.3827559675533811,0.6845544931894064,0,1
0.9648318654764809,-0.5831160223896713,1.5110400656935719,-0.7225462122358897,0,1
-1.6881689536844724,-0.8616059405735598,-0.8225087671422779,1.3881048459020544,0,0
-1.1862498797891567,-0.31858830833560065,-0.8530526000327996,-0.7225462122358897,1,1
1.7535618387405483,-0.7734418029931774,0.8085319092115751,-1.4260965649485375,0,1
1.3950482145296086,2.4267605661873457,-1.1035120297350767,-1.4260965649485375,0,1
-0.18241173199852587,0.3313584270648138,-0.20552334275374173,-0.018995859523241593,0,1
0.5346155164233534,0.9566751868329141,-0.6697896026896699,-0.018995859523241593,1,1
-0.4692226313672776,-0.9963970506849266,0.30761304980702103,0.6845544931894064,1,1
-0.8994389804204052,0.7652422286877008,-0.34602497405014104,-1.4260965649485375,1,1
-0.8277362555782172,0.5939517004864333,-0.2666110085347849,-0.018995859523241593,0,1
0.4629127915811655,-0.615863873678831,-0.5842668705962095,-0.7225462122358897,0,1
1.6818591138983603,-0.4872030683330129,-1.189034761828537,0.6845544931894064,0,0
-0.2541144568407138,-0.8450628182321877,0.4847672805720463,1.3881048459020544,1,1
-0.3975199065250897,-0.5615601136130919,-0.6942246690020872,-0.018995859523241593,1,1
0.5346155164233534,0.24235490271046126,0.9307072407736616,-0.018995859523241593,1,1
-1.4730607791579085,-0.736859302015284,0.7840968428991579,-1.4260965649485375,0,1
